event_name,event_description,event_start,event_end,event_location,event_owner,creation_time,last_edited
Strenuus vulnus utor spes versus adhaero subseco,Vereor minima aut sufficio aetas cruentus timidus. Vaco conturbo animadverto vere statua color adhaero thymum totidem. Vergo sopor surgo a damno cavus. Quisquam alienus decretum aperio confugo adnuo laborum defaeco. Impedit delego odit. Quisquam antiquus amissio tricesimus atavus tantum truculenter tantillus carmen.,143000,146000,944 Maxine Drive,8,1704624721647,1704624721647
Virtus defetiscor varius tego,Statim vilicus amplexus creator optio ago. Deserunt depulso peccatus. Attonbitus validus alo animi amaritudo cado cometes demonstro animadverto volva. Comprehendo eos accusamus cupressus reprehenderit cognatus adhuc bene stella virgo. Defungo claustrum curia campana ante admitto audeo tepidus congregatio tergiversatio.,103000,106000,711 Alicia Cape,10,1707712347236,1707712347236
Velut aegrus ipsam supra xiphias,Studio hic abbas tametsi voco officiis terga ipsum. Qui vindico vito. Tenax adfero testimonium curo decor vomer aggero cito.,133000,139000,24959 14th Street,9,1707044386267,1707044386267
Beneficium acidus coruscus aut tamdiu cultura,Adsum summopere rem ut ex. Solium tergeo ancilla eius voveo amplexus victoria. Audeo mollitia casus tantillus vero decumbo. Textor patruus vigilo volo assumenda cras cribro tripudio certe constans. Curso placeat ciminatio atqui alii creptio. Alioqui degusto ipsum torqueo somnus agnitio summa.,123000,129000,74018 Miles Crossroad,6,1707804494389,1707804494389
Utroque supra terminatio cariosus,Cotidie corona abstergo cervus depopulo recusandae. Creptio facilis tepesco deprimo adstringo atque quo alter desidero. Bonus inflammatio tristis ventito. Theologus statua coniuratio confero bellum cupressus tempus.,120000,129000,6036 Smith Ridges,10,1706132791926,1706132791926
Pariatur stips credo collum,Aeger repellendus explicabo. Aufero patrocinor apparatus aranea pecto minima tandem. Timidus spiritus vergo occaecati illum cerno contra tergeo talio pecto. Capillus titulus defetiscor tam tracto.,100000,103000,2723 W 4th Avenue,6,1706974299680,1706974299680
Sollicito appello admitto catena,Bardus adnuo talio cruciamentum verbum aestus. Delectus spero derelinquo verumtamen aro cupio confugo contra.,113000,116000,18125 Greenholt Junction,4,1705512088809,1705512088809
Cohibeo apud victoria volo sui,Videlicet attero calculus arguo clarus civitas tergum vomer quidem blanditiis. Usitas sublime vester aliquid.,143000,149000,939 Amely Canyon,1,1707067686473,1707067686473
Vis nesciunt depulso voluptatum claustrum coma cubitum,Canto vereor carus corpus abstergo. Aspernatur accusator sed tonsor curo stipes. Accusantium videlicet apostolus. Ipsam corrigo cruciamentum. Aer arbitro veritatis tremo comparo territo stabilis.,113000,125000,11217 Abbey Knolls,1,1707375176161,1707375176161
Ducimus acer alter defero recusandae conatus adimpleo,Valeo tamisium celebrer crudelis quod architecto. Praesentium sumo acquiro vallum pecus candidus solio cimentarius.,120000,123000,708 Veterans Memorial Drive,2,1704829563383,1704829563383
Eaque expedita stultus baiulus,Video adicio tredecim aduro viduo vulgo admoveo. Aufero cogito attonbitus utrimque sordeo cohibeo derideo. Fuga ars vel contigo ubi tactus vilis verus.,123000,132000,3600 E Center Street,2,1706660896672,1706660896672
Beatus utpote votum pauci laudantium velociter damno tamisium,Videlicet termes unde aetas sustineo possimus vacuus dolorum. Numquam adduco numquam ascit. Tenuis suscipio tui nostrum vetus. Cubitum denuncio inflammatio adimpleo derideo convoco adficio voluptas turbo consuasor. Turpis varius solum eveniet censura amor amita. Tamen ambulo quae ulterius.,110000,113000,87863 Margret Station,2,1708244676356,1708244676356
Territo adfectus ara deduco adsidue desparatus earum arx,Denego velut apostolus creo libero. Vester cibo sumptus vigor. Clarus caterva subnecto tergum catena conitor totam ante texo tollo. Vulgus thema copia aperio vir studio blanditiis civitas. Torqueo thalassinus conventus officiis audeo angelus. Aspernatur venustas tenetur numquam deleniti vulnero xiphias.,133000,145000,257 Valentine Overpass,9,1706594825070,1706594825070
Creator tracto tonsor tunc,Corporis bis conduco atque capillus asperiores depereo colo bellum. Admiratio tam substantia. Tabgo suadeo color aut caritas.,103000,115000,6145 Padberg Loaf,4,1704804091436,1704804091436
Animi trado substantia tabernus asper pecus stipes vel,Quas blanditiis colo cribro virgo triduana suscipio caries denuo. Appositus quam attonbitus cometes conor.,113000,116000,727 Eric Villages,9,1704350444842,1704350444842
